"age","letality","letalityL","letalityH"
"16-39",17.6068376068376,14.6049191934807,20.9400512554103
"40-49",24.1658240647118,21.5274293883314,26.958961109312
"50-59",38.1463414634146,36.0374522997557,40.2891900620498
"60-69",52.0909090909091,49.9790692533682,54.1971719876264
"70-79",64.1025641025641,61.5303095234475,66.6156488831025
"80+",60.8294930875576,53.9925541926731,67.3662575154238
